question,type,value,notes
1,int,83520,
2,float,0.0,
3,bool,False,
4,float,9.844,
5,float,12.073632183908048,
6,float,19.0,
7,float,3.999999523162842,
8,float,197.8007662835249,
9,float,26.8113940147193,
10,float,29.05854692548551,
